name,house,candidate
Quentin Wilkes,Gryffindor,Sprout
Cordelia Quirrell,Ravenclaw,Flitwick
Fleur Everett,Slytherin,Snape
Mortimer Whitby,Gryffindor,McGonagall
Jasper Lovegood,Slytherin,McGonagall
Gareth Marchbanks,Ravenclaw,Flitwick
Kenelm Inglebee,Gryffindor,Hagrid
Magnus Higgs,Ravenclaw,Flitwick
Jocasta Ashworth,Gryffindor,Flitwick
Winifred Hobday,Ravenclaw,Lupin
Dahlia Trelawney,Slytherin,Flitwick
Duncan Inglebee,Ravenclaw,Lupin
Peregrine Ravensdale,Gryffindor,Flitwick
Fleur Fudge,Hufflepuff,McGonagall
Norbert Fudge,Ravenclaw,Flitwick
Minerva Mulciber,Hufflepuff,Sprout
Rosalind Rookwood,Ravenclaw,Flitwick
Emeric Hornby,Ravenclaw,Snape
Michael Corner,Ravenclaw,Flitwick
Nerissa Lockhart,Gryffindor,McGonagall
Septimus Ironside,Hufflepuff,Sprout
Lysander Nightshade,Gryffindor,McGonagall
Fiona Everett,Ravenclaw,Flitwick
Imogen Bagnold,Slytherin,Snape
Rowland Whitby,Gryffindor,Lupin
Imogen Fudge,Slytherin,McGonagall
Isadora Mulciber,Ravenclaw,Flitwick
Ulric Jugson,Hufflepuff,Sprout
Ursula Blishwick,Gryffindor,McGonagall
Winifred Lestrange,Gryffindor,McGonagall
Algernon Rosier,Hufflepuff,Sprout
Cressida Nettlebed,Slytherin,Snape
Iona Greyback,Gryffindor,Sprout
Emeric Ilkley,Gryffindor,McGonagall
Magnus Longshore,Slytherin,Snape
Vaughan Ollerton,Gryffindor,Sprout
Ulric Fenwick,Slytherin,Snape
Nerissa Travers,Hufflepuff,McGonagall
Hamish Moody,Gryffindor,Flitwick
Minerva Cresswell,Gryffindor,McGonagall
Fiona Dawlish,Gryffindor,McGonagall
Millicent Dearborn,Hufflepuff,Sprout
Eustace Bellchant,Slytherin,Snape
Freya Higgs,Ravenclaw,McGonagall
Oliver Wood,Gryffindor,Hagrid
Hadrian Rowle,Gryffindor,McGonagall
Roger Davies,Ravenclaw,Flitwick
Wayne Hopkins,Hufflepuff,Sprout
Clementine Bellchant,Gryffindor,McGonagall
Edmund Lovegood,Ravenclaw,Sprout
Hamish Ironside,Gryffindor,Hagrid
Vaughan Jorkins,Ravenclaw,Flitwick
Thomasina Rookwood,Ravenclaw,Flitwick
Tobias Ogden,Ravenclaw,Sprout
Dorothea Inkwell,Gryffindor,Hagrid
Tarquin Plunkett,Slytherin,Flitwick
Ulric Oakes,Gryffindor,McGonagall
Sophronia Blishwick,Gryffindor,Flitwick
Adelaide Lestrange,Slytherin,Sprout
Septimus Abercrombie,Ravenclaw,Sprout
Honoria Umfraville,Gryffindor,Flitwick
Katarina Rosier,Hufflepuff,Sprout
Freya Zabini,Gryffindor,McGonagall
Stephen Cornfoot,Ravenclaw,Flitwick
Yolanda Marchbanks,Gryffindor,McGonagall
Nerissa Trelawney,Gryffindor,Sprout
Sophronia Ironside,Ravenclaw,Flitwick
George Weasley,Gryffindor,Hagrid
Gareth Fletchley,Ravenclaw,Lupin
Magnus Diggory,Slytherin,Snape
Jasper Mockridge,Hufflepuff,McGonagall
Jasper Ollerton,Hufflepuff,McGonagall
Hector Thicknesse,Slytherin,Lupin
Kevin Entwhistle,Ravenclaw,Hagrid
Lucinda Peasegood,Slytherin,Snape
Orion Trimble,Gryffindor,McGonagall
Lucinda Kirke,Slytherin,Snape
Godfrey Plunkett,Slytherin,Snape
Benedict Plunkett,Ravenclaw,Flitwick
Leopold Slughorn,Slytherin,Snape
Ignatius Underhill,Slytherin,Snape
Miles Bletchley,Slytherin,McGonagall
Isadora Dawlish,Gryffindor,McGonagall
Roderick Gamp,Slytherin,Snape
Julius Thicknesse,Slytherin,Flitwick
Hadrian Diggory,Slytherin,Snape
Emeric Kirke,Gryffindor,Hagrid
Rowland Dawlish,Ravenclaw,Flitwick
Hector Bagnold,Ravenclaw,Flitwick
Edmund Dagworth,Ravenclaw,Flitwick
Sophronia Shacklebolt,Hufflepuff,Lupin
Nerissa Urquhart,Hufflepuff,Lupin
Ursula Urquhart,Gryffindor,Flitwick
Hamish Lovegood,Hufflepuff,Snape
Orion Diggory,Hufflepuff,Sprout
Lysander Plunkett,Gryffindor,Hagrid
Thomasina Tonbridge,Gryffindor,Snape
Percival Podmore,Hufflepuff,Sprout
Seraphina Dagworth,Slytherin,Lupin
Gideon Travers,Ravenclaw,Flitwick
Marguerite Kettleworth,Slytherin,Flitwick
Vivienne Bellchant,Gryffindor,Hagrid
Minerva Cattermole,Ravenclaw,Flitwick
Jasper Bones,Hufflepuff,Sprout
Gideon Abercrombie,Hufflepuff,Hagrid
Rosalind Everett,Slytherin,Snape
Orion Mockridge,Gryffindor,Flitwick
Dorothea Ilkley,Slytherin,Lupin
Tarquin Hornby,Hufflepuff,Flitwick
Cedric Inkwell,Gryffindor,Flitwick
Yolanda Kettleburn,Slytherin,Snape
Bryony Bellchant,Hufflepuff,McGonagall
Winston Rosier,Ravenclaw,Flitwick
Ivo Underhill,Slytherin,Lupin
Thomasina Zabini,Hufflepuff,Sprout
Maxine O'Flaherty,Hufflepuff,Sprout
Rowena Ilkley,Gryffindor,McGonagall
Oswald Ilkley,Gryffindor,McGonagall
Hamish Ogden,Hufflepuff,Sprout
Elowen Nott,Ravenclaw,Hagrid
Helena Moody,Gryffindor,McGonagall
Barnaby Crouch,Ravenclaw,McGonagall
Oswald Cattermole,Gryffindor,McGonagall
Ursula Underhill,Hufflepuff,Lupin
Helena Grimshaw,Gryffindor,McGonagall
Sybilla Thicknesse,Ravenclaw,Flitwick
Hadrian Umfraville,Ravenclaw,McGonagall
Kenelm Rowle,Ravenclaw,McGonagall
Celestine Tonbridge,Slytherin,Snape
Norbert Ilkley,Slytherin,Snape
Millicent Zabini,Gryffindor,McGonagall
Draco Malfoy,Slytherin,Snape
Neville Longbottom,Gryffindor,McGonagall
Adelaide Plunkett,Hufflepuff,Hagrid
Imogen Whitby,Slytherin,Flitwick
Gareth Trimble,Slytherin,McGonagall
Thomasina Rookwood,Slytherin,McGonagall
Ignatius Diggory,Hufflepuff,Sprout
Katarina Jugson,Ravenclaw,Flitwick
Hector Fletchley,Hufflepuff,Hagrid
Orion Higgs,Gryffindor,Sprout
Katarina Urquhart,Hufflepuff,Sprout
Thaddeus Mulciber,Ravenclaw,McGonagall
Sophronia Umfraville,Hufflepuff,Flitwick
Yolanda Ollivander,Slytherin,Snape
Orion Everett,Ravenclaw,Flitwick
Araminta Inglebee,Gryffindor,Sprout
Griselda Whitby,Hufflepuff,Hagrid
Sophronia Nightshade,Gryffindor,McGonagall
Quentin Marchbanks,Ravenclaw,Flitwick
Gwendolen Shacklebolt,Slytherin,Snape
Celestine Inkwell,Slytherin,Lupin
Cressida Selwyn,Slytherin,Snape
Celestine Wagstaff,Gryffindor,Lupin
Septimus Rosier,Ravenclaw,Flitwick
Thaddeus Longshore,Ravenclaw,McGonagall
Araminta Nightshade,Ravenclaw,Flitwick
Fleur Bellchant,Ravenclaw,McGonagall
Tabitha Jorkins,Slytherin,Snape
Hestia Carrow,Slytherin,Snape
Fleur Diggory,Ravenclaw,Lupin
Elowen Nettlebed,Ravenclaw,Flitwick
Alden Travers,Gryffindor,McGonagall
Ivo Ollerton,Slytherin,Snape
Araminta Dawlish,Hufflepuff,Flitwick
Niamh Ironside,Hufflepuff,Snape
Jason Samuels,Ravenclaw,Flitwick
Jasper Hornby,Slytherin,Lupin
Sybilla Hornby,Hufflepuff,Lupin
Vincent Crabbe,Slytherin,Snape
Araminta Rookwood,Hufflepuff,Sprout
Sybilla Crouch,Slytherin,Flitwick
Lysander Kettleburn,Slytherin,Snape
Beatrix Lockhart,Gryffindor,Hagrid
Leopold Dawlish,Hufflepuff,Sprout
Tabitha Kirke,Ravenclaw,Sprout
Algernon Bellchant,Slytherin,Flitwick
Katarina Longshore,Slytherin,McGonagall
Lisa Turpin,Ravenclaw,Sprout
Alaric Lestrange,Slytherin,McGonagall
Norbert Zabini,Hufflepuff,McGonagall
Araminta Whitby,Gryffindor,Flitwick
Griselda Nottingham,Ravenclaw,McGonagall
Leopold Travers,Gryffindor,Flitwick
Rosalind Kowalski,Hufflepuff,McGonagall
Benedict Peasegood,Gryffindor,McGonagall
Kenelm Dawlish,Slytherin,Snape
Fiona Inglebee,Ravenclaw,McGonagall
Minerva Jugson,Gryffindor,McGonagall
Gwendolen Avery,Gryffindor,Hagrid
Ignatius Gudgeon,Gryffindor,McGonagall
Edmund Hornby,Hufflepuff,Sprout
Seraphina Jugson,Hufflepuff,Hagrid
Mortimer Oakes,Ravenclaw,Flitwick
Griselda Trimble,Ravenclaw,McGonagall
Algernon Nottingham,Ravenclaw,Flitwick
Celestine Vance,Hufflepuff,Sprout
Romilda Vane,Gryffindor,McGonagall
Alden Gamp,Ravenclaw,Flitwick
Ignatius Greyback,Ravenclaw,Lupin
Tabitha Nottingham,Ravenclaw,McGonagall
Rosalind Ollivander,Hufflepuff,Sprout
Gwendolen Ogden,Gryffindor,Hagrid
Edmund Scamander,Gryffindor,McGonagall
Andrew Kirke,Gryffindor,McGonagall
Magnus Underhill,Hufflepuff,Sprout
Thomasina Meadowes,Ravenclaw,Flitwick
Xanthe Selwyn,Hufflepuff,Sprout
Anthony Rickett,Hufflepuff,Sprout
Norbert Ravensdale,Ravenclaw,Flitwick
Julius Hobday,Hufflepuff,Sprout
Jocasta Fawcett,Gryffindor,McGonagall
Katie Bell,Gryffindor,Flitwick
Rowland Ollivander,Slytherin,Snape
Imogen Marchbanks,Slytherin,Snape
Honoria Nottingham,Gryffindor,McGonagall
Alaric Ilkley,Ravenclaw,Flitwick
Emeric Cromwell,Hufflepuff,Flitwick
Dunstan Bones,Hufflepuff,Sprout
Adelaide Kettleworth,Ravenclaw,Flitwick
Penelope Wilkes,Slytherin,Snape
Iona Hitchens,Ravenclaw,Sprout
Norbert Urquhart,Slytherin,McGonagall
Lysander Clearwater,Slytherin,Lupin
Winston Hopkirk,Slytherin,Lupin
Jocasta Ironside,Slytherin,Snape
Marguerite Gamp,Slytherin,Snape
Eustace Cattermole,Gryffindor,Sprout
Vaughan Fancourt,Ravenclaw,Flitwick
Isadora Runcorn,Ravenclaw,Flitwick
Magnus Yaxley,Ravenclaw,Flitwick
Griselda Nottingham,Hufflepuff,Sprout
Winifred Bellchant,Ravenclaw,Flitwick
Penelope Ashworth,Hufflepuff,Hagrid
Mortimer Rosier,Gryffindor,McGonagall
Kenelm Fenwick,Hufflepuff,Sprout
Tabitha Cresswell,Hufflepuff,Flitwick
Algernon Cresswell,Slytherin,McGonagall
Dorothea Wilkes,Ravenclaw,Flitwick
Fiona Gamp,Hufflepuff,Sprout
Alaric Cattermole,Ravenclaw,Flitwick
Dahlia Tonbridge,Slytherin,Flitwick
Mortimer Cattermole,Hufflepuff,Sprout
Winifred Lestrange,Hufflepuff,Sprout
Oswald Marchbanks,Hufflepuff,Sprout
Tobias Greyback,Gryffindor,Snape
Jocasta Nottingham,Gryffindor,McGonagall
Ivo Selwyn,Slytherin,Snape
Septimus Diggory,Gryffindor,Sprout
Oswald Lovegood,Hufflepuff,Sprout
Isadora Goldstein,Hufflepuff,Sprout
Phineas Lovegood,Slytherin,Lupin
Fiona Bagnold,Gryffindor,McGonagall
Rowland Gudgeon,Ravenclaw,Flitwick
Cordelia Bellchant,Ravenclaw,Hagrid
Isadora Oakes,Ravenclaw,Sprout
Cassius Warrington,Slytherin,Snape
Sue Li,Ravenclaw,Lupin
Kieran Kettleburn,Gryffindor,McGonagall
Norbert Gamp,Gryffindor,Sprout
Dorothea Fortescue,Hufflepuff,Sprout
Rowland Wilkes,Gryffindor,Lupin
Cedric Ogden,Slytherin,Lupin
Fergus Cresswell,Slytherin,Flitwick
Elspeth Avery,Slytherin,Snape
Orion Inkwell,Slytherin,McGonagall
Ottilie Zabini,Ravenclaw,Flitwick
Hamish Gamp,Gryffindor,Sprout
Ambrose Underhill,Hufflepuff,Sprout
Gareth Lockhart,Gryffindor,Sprout
Sophronia Slughorn,Slytherin,Snape
Dorothea Lestrange,Slytherin,McGonagall
Winifred Plunkett,Slytherin,Lupin
Julius Trelawney,Hufflepuff,Lupin
Iona Jugson,Slytherin,Snape
Silas Fudge,Hufflepuff,Sprout
Jocasta Gudgeon,Gryffindor,McGonagall
Phineas Ollerton,Ravenclaw,Flitwick
Kenelm Prewett,Ravenclaw,McGonagall
Ottilie Dearborn,Hufflepuff,McGonagall
Lysander Moody,Slytherin,Snape
Vivienne Jorkins,Hufflepuff,Sprout
Yolanda Crouch,Ravenclaw,Sprout
Oswald Jorkins,Gryffindor,Lupin
Lettice Proudfoot,Slytherin,Snape
Elspeth Bagnold,Gryffindor,McGonagall
Septimus Podmore,Gryffindor,McGonagall
Adelaide Ollerton,Ravenclaw,Hagrid
Helena Inkwell,Ravenclaw,Flitwick
Percy Weasley,Gryffindor,McGonagall
Elspeth Wagstaff,Gryffindor,McGonagall
Rowland Runcorn,Gryffindor,Flitwick
Adelaide Rookwood,Ravenclaw,Flitwick
Benedict Shacklebolt,Gryffindor,Sprout
Hamish Ironside,Hufflepuff,Flitwick
Yolanda Wagstaff,Ravenclaw,Flitwick
Tarquin Grimshaw,Hufflepuff,Sprout
Orla Quirke,Ravenclaw,McGonagall
Jack Sloper,Gryffindor,McGonagall
Cordelia Rowle,Ravenclaw,Flitwick
Algernon Wagstaff,Slytherin,Snape
Fiona Gudgeon,Hufflepuff,Lupin
Isadora Hobday,Slytherin,McGonagall
Katarina Gudgeon,Slytherin,Hagrid
Lysander Dagworth,Hufflepuff,Sprout
Honoria Diggory,Gryffindor,McGonagall
Ignatius Cattermole,Gryffindor,McGonagall
Cassius Hitchens,Hufflepuff,Hagrid
Freya Prewett,Slytherin,McGonagall
Kieran Underhill,Hufflepuff,McGonagall
Primrose Fletchley,Slytherin,Lupin
Nerissa Blackwood,Slytherin,Snape
Lysander Ravensdale,Ravenclaw,Flitwick
Xanthe Cattermole,Hufflepuff,Sprout
Kenelm Podmore,Gryffindor,McGonagall
Magnus Zabini,Slytherin,Snape
Griselda Dearborn,Gryffindor,Hagrid
Roderick Inkwell,Hufflepuff,McGonagall
Kenelm Longshore,Slytherin,McGonagall
Edmund Dumbledore,Gryffindor,McGonagall
Jasper Cromwell,Ravenclaw,McGonagall
Hamish Proudfoot,Hufflepuff,Sprout
Quentin Ollivander,Hufflepuff,Sprout
Iona Mulciber,Hufflepuff,Flitwick
Lee Jordan,Gryffindor,Lupin
Kieran Dagworth,Hufflepuff,Sprout
Ambrose Selwyn,Ravenclaw,Flitwick
Eddie Carmichael,Ravenclaw,Sprout
Cressida Fenwick,Hufflepuff,Sprout
Lionel Selwyn,Gryffindor,McGonagall
Bryony Greyback,Gryffindor,Flitwick
Fergus Avery,Ravenclaw,McGonagall
Harper,Slytherin,McGonagall
Xanthe Avery,Hufflepuff,Hagrid
Cedric Nettlebed,Ravenclaw,Flitwick
Iona Tonbridge,Gryffindor,Flitwick
Dean Thomas,Gryffindor,McGonagall
Peregrine Jorkins,Ravenclaw,McGonagall
Bryony Abercrombie,Ravenclaw,Sprout
Magnus Bellchant,Gryffindor,Lupin
Marguerite Meadowes,Hufflepuff,Flitwick
Vaughan Widdershins,Slytherin,Snape
Hadrian Mockridge,Slytherin,McGonagall
Owen Cauldwell,Hufflepuff,Sprout
Elowen Nightshade,Gryffindor,Sprout
Beatrix Hopkirk,Slytherin,McGonagall
Lettice Dearborn,Slytherin,Flitwick
Tabitha Jugson,Gryffindor,McGonagall
Dorothea Mockridge,Gryffindor,Sprout
Ulric Longshore,Gryffindor,Lupin
Hadrian Greyback,Slytherin,Hagrid
Dunstan Shacklebolt,Gryffindor,Flitwick
Luna Lovegood,Ravenclaw,McGonagall
Elspeth Hopkirk,Slytherin,Hagrid
Ulric Wagstaff,Hufflepuff,Sprout
Roderick Nettlebed,Ravenclaw,Flitwick
Roderick Selwyn,Hufflepuff,Sprout
Celestine Nottingham,Hufflepuff,Sprout
Xanthe Grimshaw,Slytherin,Snape
Lionel Blackwood,Slytherin,Snape
Gideon Edgecombe,Slytherin,Snape
Millicent Longshore,Hufflepuff,Sprout
Lysander Greyback,Slytherin,Snape
Yolanda Fortescue,Gryffindor,McGonagall
Leopold Ogden,Ravenclaw,Flitwick
Heidi Macavoy,Hufflepuff,Snape
Fleur Underhill,Hufflepuff,Sprout
Graham Montague,Slytherin,McGonagall
Katarina Nott,Gryffindor,McGonagall
Imogen Vector,Gryffindor,McGonagall
Morag MacDougal,Ravenclaw,McGonagall
Ivo Rookwood,Ravenclaw,Flitwick
Desmond Hitchens,Ravenclaw,Flitwick
Rowena Hitchens,Hufflepuff,Sprout
Elspeth Rowle,Hufflepuff,McGonagall
Orion Scamander,Ravenclaw,Flitwick
Penelope Fortescue,Slytherin,Lupin
Tabitha Hornby,Hufflepuff,Sprout
Alaric Crouch,Ravenclaw,Sprout
Erasmus Tonbridge,Hufflepuff,Sprout
Sybilla Shacklebolt,Hufflepuff,Sprout
Mortimer Nottingham,Gryffindor,McGonagall
Honoria Cresswell,Ravenclaw,McGonagall
Hamish Ollerton,Slytherin,Snape
Peregrine Lovegood,Ravenclaw,McGonagall
Erasmus Hornby,Gryffindor,McGonagall
Marcus Flint,Slytherin,Snape
Kieran Hobday,Gryffindor,McGonagall
Fleur Lockhart,Gryffindor,McGonagall
Cormac McLaggen,Gryffindor,Sprout
Honoria Underhill,Gryffindor,McGonagall
Zephyr Travers,Gryffindor,Flitwick
Lavender Brown,Gryffindor,Lupin
Dorothea Underhill,Gryffindor,McGonagall
Ursula Ilkley,Slytherin,Flitwick
Nymphadora Tonks,Hufflepuff,Flitwick
Silas Mockridge,Ravenclaw,Flitwick
Lysander Hobday,Ravenclaw,Flitwick
Alaric Scamander,Gryffindor,Flitwick
Tarquin Kettleworth,Slytherin,Lupin
Eustace Ilkley,Gryffindor,Sprout
Gideon Ravensdale,Slytherin,Snape
Beatrix Hobday,Slytherin,McGonagall
Septimus Oakes,Ravenclaw,Hagrid
Celestine Kettleworth,Gryffindor,Snape
Primrose Gudgeon,Slytherin,Snape
Phineas Fenwick,Gryffindor,Lupin
Eleanor Branstone,Hufflepuff,Sprout
Elspeth Inkwell,Hufflepuff,McGonagall
Ivo Zabini,Ravenclaw,Flitwick
Tabitha Vance,Ravenclaw,Flitwick
Freya Nightshade,Slytherin,Lupin
Clementine Gamp,Hufflepuff,Flitwick
Tarquin Underhill,Hufflepuff,Flitwick
Barnaby Prewett,Ravenclaw,Flitwick
Cressida Slughorn,Ravenclaw,Hagrid
Peregrine Ollerton,Ravenclaw,McGonagall
Adelaide Inkwell,Gryffindor,Flitwick
Xanthe Inkwell,Gryffindor,Hagrid
Thaddeus Urquhart,Hufflepuff,Lupin
Emeric Hornby,Gryffindor,McGonagall
Millicent Fawcett,Slytherin,Sprout
Millicent Goldstein,Ravenclaw,Flitwick
Lionel Bones,Ravenclaw,Flitwick
Vaughan Selwyn,Ravenclaw,Flitwick
Minerva Shacklebolt,Gryffindor,McGonagall
Percival Lockhart,Ravenclaw,Flitwick
Cordelia Hobday,Hufflepuff,McGonagall
Rowland Inglebee,Gryffindor,Flitwick
Adrian Pucey,Slytherin,Snape
Rowena Ashworth,Ravenclaw,Flitwick
Flora Carrow,Slytherin,McGonagall
Hector Thicknesse,Gryffindor,McGonagall
Orion Hobday,Ravenclaw,Flitwick
Tarquin Kettleburn,Ravenclaw,Flitwick
Kenelm Kettleburn,Hufflepuff,Sprout
Quentin Lestrange,Slytherin,Snape
Alicia Spinnet,Gryffindor,Flitwick
Roderick Goldstein,Ravenclaw,Flitwick
Roderick Lestrange,Ravenclaw,McGonagall
Thaddeus Ironside,Ravenclaw,Flitwick
Primrose Burbage,Ravenclaw,McGonagall
Quentin Underhill,Slytherin,Lupin
Marguerite Prewett,Slytherin,Sprout
Hadrian Kirke,Ravenclaw,Flitwick
Elspeth Diggory,Hufflepuff,Sprout
Leopold Ollivander,Hufflepuff,Sprout
Hamish Thicknesse,Gryffindor,McGonagall
Thaddeus Kowalski,Hufflepuff,Lupin
Emeric Ollerton,Hufflepuff,Sprout
Ignatius Fortescue,Gryffindor,Hagrid
Fergus Scamander,Ravenclaw,Sprout
Grant Page,Ravenclaw,Snape
Minerva Kettleburn,Hufflepuff,Sprout
Lettice Inglebee,Hufflepuff,Sprout
Sybilla Scamander,Slytherin,McGonagall
Zacharias Smith,Hufflepuff,Sprout
Lettice Kettleworth,Ravenclaw,Flitwick
Sophronia Kirke,Slytherin,Snape
Gwendolen Wagstaff,Gryffindor,Hagrid
Benedict Shacklebolt,Slytherin,Lupin
Dunstan Gudgeon,Gryffindor,Sprout
Lionel Fortescue,Gryffindor,McGonagall
Nerissa Rosier,Ravenclaw,Flitwick
Jocasta Trimble,Gryffindor,McGonagall
Vaughan Fawcett,Ravenclaw,McGonagall
Dunstan Hornby,Ravenclaw,Flitwick
Rosalind Yaxley,Ravenclaw,Flitwick
Rose Zeller,Hufflepuff,McGonagall
Freya Ollerton,Slytherin,Snape
Benedict Selwyn,Hufflepuff,McGonagall
Tabitha Umfraville,Hufflepuff,Sprout
Anthony Goldstein,Ravenclaw,Flitwick
Cordelia Meadowes,Ravenclaw,Snape
Minerva Prewett,Ravenclaw,McGonagall
Rowland Blishwick,Ravenclaw,Snape
Thaddeus Ashworth,Hufflepuff,Flitwick
Elspeth Hornby,Gryffindor,McGonagall
Oswald Ravensdale,Ravenclaw,Flitwick
Ivo Mulciber,Hufflepuff,Sprout
Emeric Blishwick,Ravenclaw,Flitwick
Elowen Higgs,Hufflepuff,Hagrid
Ursula Fenwick,Hufflepuff,McGonagall
Ottilie Oakes,Slytherin,McGonagall
Tobias Nettlebed,Slytherin,Snape
Araminta Dumbledore,Gryffindor,McGonagall
Ambrose Jugson,Gryffindor,McGonagall
Norbert Ravensdale,Slytherin,Snape
Seraphina Prewett,Ravenclaw,Hagrid
Celestine Higgs,Ravenclaw,McGonagall
Adelaide Jugson,Slytherin,Flitwick
Primrose Lockhart,Ravenclaw,Flitwick
Nerissa Umfraville,Slytherin,Lupin
Fleur Tonbridge,Slytherin,Sprout
Ulric Hornby,Gryffindor,Sprout
Elowen Wilkes,Ravenclaw,McGonagall
Millicent Lovegood,Gryffindor,Snape
Winifred Ollerton,Hufflepuff,Sprout
Marietta Edgecombe,Ravenclaw,Sprout
Marguerite Bagnold,Gryffindor,McGonagall
Lettice Ogden,Hufflepuff,Sprout
Penelope Bellchant,Gryffindor,Hagrid
Sophronia Greyback,Ravenclaw,McGonagall
Gwendolen Edgecombe,Ravenclaw,Snape
Septimus Meadowes,Ravenclaw,Flitwick
Thomasina Kettleburn,Gryffindor,Snape
Hadrian Lestrange,Ravenclaw,McGonagall
Isadora Abercrombie,Gryffindor,Hagrid
Iona Urquhart,Ravenclaw,Flitwick
Tobias Higgs,Gryffindor,McGonagall
Tabitha Kettleworth,Slytherin,Lupin
Gareth Blishwick,Slytherin,Snape
Emeric Kettleworth,Gryffindor,McGonagall
Lysander Inglebee,Hufflepuff,Flitwick
Parvati Patil,Gryffindor,McGonagall
Vaughan Ollerton,Hufflepuff,Sprout
Griselda Thicknesse,Slytherin,Flitwick
Godfrey Hopkirk,Gryffindor,Hagrid
Gwendolen Dumbledore,Hufflepuff,Hagrid
Elspeth Jugson,Gryffindor,Hagrid
Roderick Goldstein,Slytherin,McGonagall
Septimus Ilkley,Gryffindor,McGonagall
Hermione Granger,Gryffindor,McGonagall
Eustace Jugson,Ravenclaw,Flitwick
Lucinda Grimshaw,Gryffindor,McGonagall
Cordelia Fletchley,Hufflepuff,Sprout
Gwendolen Inglebee,Gryffindor,McGonagall
Gideon Grimshaw,Hufflepuff,Flitwick
Cho Chang,Ravenclaw,Snape
Kieran Hopkirk,Gryffindor,McGonagall
Erasmus Peasegood,Hufflepuff,Sprout
Jasper Higgs,Slytherin,McGonagall
Thaddeus Ollerton,Hufflepuff,McGonagall
Millicent Bulstrode,Slytherin,Snape
Cressida Crouch,Ravenclaw,Flitwick
Tarquin Bellchant,Hufflepuff,McGonagall
Percival Nightshade,Slytherin,Snape
Iona Bones,Gryffindor,Hagrid
Seraphina Plunkett,Slytherin,Snape
Nerissa Gudgeon,Hufflepuff,Sprout
Alden Fletchley,Gryffindor,McGonagall
Tabitha Longshore,Hufflepuff,Sprout
Harry Potter,Gryffindor,McGonagall
Tobias Fenwick,Slytherin,Snape
Gareth Dagworth,Hufflepuff,Sprout
Gareth Goldstein,Gryffindor,McGonagall
Quentin Quirrell,Gryffindor,Hagrid
Fred Weasley,Gryffindor,Sprout
Fiona Peasegood,Slytherin,Sprout
Hadrian Blackwood,Gryffindor,Sprout
Ambrose Marchbanks,Gryffindor,McGonagall
Araminta Ilkley,Gryffindor,Snape
Leopold Ironside,Ravenclaw,Sprout
Vaughan Crouch,Hufflepuff,Sprout
Dunstan Avery,Gryffindor,McGonagall
Millicent Lestrange,Slytherin,Snape
Sybilla Jugson,Slytherin,Sprout
Elowen Ravensdale,Slytherin,Snape
Hector Widdershins,Hufflepuff,Sprout
Elspeth Grimshaw,Ravenclaw,McGonagall
Magnus Jorkins,Gryffindor,McGonagall
Xanthe Fletchley,Hufflepuff,McGonagall
Iona Zabini,Hufflepuff,Sprout
Phineas Wilkes,Ravenclaw,Flitwick
Helena Hopkirk,Ravenclaw,Sprout
Eustace Crouch,Hufflepuff,Sprout
Helena Rosier,Slytherin,Lupin
Dorothea Gamp,Slytherin,Snape
Xanthe Blackwood,Ravenclaw,Flitwick
Ron Weasley,Gryffindor,Flitwick
Lettice Edgecombe,Slytherin,Flitwick
Vivienne Avery,Slytherin,Snape
Ambrose Nottingham,Slytherin,McGonagall
Lettice Everett,Slytherin,Lupin
Imogen Widdershins,Slytherin,Snape
Phineas Bones,Hufflepuff,Sprout
Percival Lockhart,Slytherin,Flitwick
Erasmus Umfraville,Gryffindor,Sprout
Helena Edgecombe,Gryffindor,Flitwick
Eustace Ravensdale,Slytherin,Snape
Hamish Ogden,Slytherin,Snape
Orion Fancourt,Slytherin,McGonagall
Katarina Bellchant,Ravenclaw,Flitwick
Oswald Umfraville,Ravenclaw,Flitwick
Lysander Thicknesse,Hufflepuff,McGonagall
Phineas Zabini,Ravenclaw,Lupin
Cressida Higgs,Ravenclaw,Flitwick
Yolanda Cattermole,Slytherin,Lupin
Xanthe Rookwood,Ravenclaw,Flitwick
Theodore Nott,Slytherin,Snape
Niamh Fancourt,Gryffindor,Hagrid
Hadrian Vance,Gryffindor,Sprout
Adelaide Trimble,Slytherin,Hagrid
Peregrine Meadowes,Hufflepuff,McGonagall
Edmund Nottingham,Slytherin,Snape
Julius Ogden,Ravenclaw,McGonagall
Tarquin Inkwell,Gryffindor,McGonagall
Celestine Rosier,Hufflepuff,Hagrid
Penelope Kettleworth,Slytherin,Snape
Adelaide Longshore,Hufflepuff,Sprout
Ambrose Thicknesse,Slytherin,Lupin
Lysander Podmore,Hufflepuff,Sprout
Jocasta Wilkes,Slytherin,Hagrid
Erasmus Bones,Hufflepuff,Sprout
Ivo Longshore,Hufflepuff,Sprout
Hamish Proudfoot,Ravenclaw,McGonagall
Cressida Runcorn,Hufflepuff,Sprout
Ignatius Plunkett,Hufflepuff,Flitwick
Gwendolen Hobday,Hufflepuff,Sprout
Kieran Edgecombe,Gryffindor,McGonagall
Fleur Inglebee,Ravenclaw,Flitwick
Roderick Plunkett,Ravenclaw,Flitwick
Fergus Cresswell,Ravenclaw,Flitwick
Hamish Yaxley,Gryffindor,McGonagall
Araminta Fenwick,Slytherin,Lupin
Araminta Ollivander,Slytherin,McGonagall
Desmond Urquhart,Ravenclaw,Lupin
Edmund Blackwood,Ravenclaw,Flitwick
Quentin Whitby,Gryffindor,Hagrid
Winifred Hopkirk,Hufflepuff,Sprout
Norbert Gudgeon,Slytherin,Lupin
Godfrey Moody,Gryffindor,McGonagall
Kieran Clearwater,Hufflepuff,Sprout
Graham Pritchard,Slytherin,McGonagall
Dorothea Gudgeon,Ravenclaw,Lupin
Gideon Wilkes,Hufflepuff,Sprout
Edmund Widdershins,Ravenclaw,Flitwick
Pansy Parkinson,Slytherin,Snape
Ignatius Ogden,Hufflepuff,Sprout
Julius Mulciber,Slytherin,Snape
Fleur Rowle,Gryffindor,McGonagall
Phineas Goldstein,Hufflepuff,Sprout
Silas Cromwell,Slytherin,Snape
Ulric Mulciber,Gryffindor,McGonagall
Ivo Cattermole,Hufflepuff,Sprout
Katarina Avery,Slytherin,McGonagall
Fiona Lestrange,Ravenclaw,Sprout
Hector Hobday,Ravenclaw,McGonagall
Cedric Dumbledore,Hufflepuff,Sprout
Primrose Vance,Hufflepuff,McGonagall
Zephyr Trimble,Gryffindor,Lupin
Tarquin Plunkett,Ravenclaw,Sprout
Niamh Fawcett,Hufflepuff,Sprout
Quentin Proudfoot,Ravenclaw,Sprout
Lionel Jorkins,Hufflepuff,Sprout
Desmond Clearwater,Ravenclaw,McGonagall
Julius Hopkirk,Gryffindor,Snape
Cordelia Everett,Hufflepuff,McGonagall
Cressida Longshore,Hufflepuff,Hagrid
Orion Nightshade,Gryffindor,McGonagall
Imogen Wagstaff,Slytherin,Snape
Lucinda Cattermole,Gryffindor,McGonagall
Percival Cattermole,Slytherin,Lupin
Iona Diggory,Gryffindor,McGonagall
Sybilla Inglebee,Gryffindor,Sprout
Imogen Crouch,Hufflepuff,Flitwick
Desmond Bones,Gryffindor,Flitwick
Norbert Everett,Ravenclaw,McGonagall
Cedric Diggory,Hufflepuff,Flitwick
Ignatius Kirke,Slytherin,McGonagall
Rowena Ravensdale,Ravenclaw,Lupin
Ernie Macmillan,Hufflepuff,Hagrid
Kenelm Runcorn,Ravenclaw,Flitwick
Leanne,Hufflepuff,Sprout
Tamsin Applebee,Hufflepuff,Sprout
Minerva Vector,Hufflepuff,McGonagall
Seraphina Nettlebed,Slytherin,Snape
Elspeth Prewett,Gryffindor,McGonagall
Winifred Rosier,Ravenclaw,Hagrid
Dorothea Lockhart,Slytherin,Snape
Colin Creevey,Gryffindor,McGonagall
Elowen Marchbanks,Slytherin,Snape
Lettice Trelawney,Gryffindor,Flitwick
Katarina Nightshade,Hufflepuff,Sprout
Tabitha Meadowes,Slytherin,Flitwick
Tobias Nottingham,Slytherin,Hagrid
Gareth Fenwick,Hufflepuff,Sprout
Dorothea Nott,Gryffindor,McGonagall
Barnaby Fletchley,Slytherin,Lupin
Mortimer Kettleworth,Ravenclaw,Flitwick
Honoria Rosier,Ravenclaw,Flitwick
Lettice Runcorn,Hufflepuff,Flitwick
Fergus Shacklebolt,Gryffindor,Hagrid
Gwendolen Fancourt,Ravenclaw,Flitwick
Phineas Kettleburn,Hufflepuff,McGonagall
Clementine Lestrange,Hufflepuff,Sprout
Gwendolen Rowle,Slytherin,Snape
Terry Boot,Ravenclaw,Flitwick
Cordelia Dearborn,Ravenclaw,Flitwick
Penelope Oakes,Slytherin,Snape
Seraphina Wagstaff,Hufflepuff,Hagrid
Sophronia Crouch,Gryffindor,McGonagall
Rowland Kettleworth,Hufflepuff,Lupin
Benedict Kettleburn,Ravenclaw,Flitwick
Leopold Hornby,Ravenclaw,Flitwick
Orion Kirke,Hufflepuff,Sprout
Cedric Ashworth,Gryffindor,Sprout
Erasmus Nott,Slytherin,Snape
Tabitha Zabini,Gryffindor,Sprout
Primrose Shacklebolt,Gryffindor,Hagrid
Cassius Lockhart,Slytherin,Snape
Elowen Longshore,Gryffindor,Hagrid
Cassius Ogden,Gryffindor,Flitwick
Tobias Rookwood,Hufflepuff,Hagrid
Winifred Longshore,Gryffindor,McGonagall
Julius Rosier,Hufflepuff,Hagrid
Eustace Bellchant,Ravenclaw,Flitwick
Winston Podmore,Hufflepuff,Sprout
Katarina Lovegood,Hufflepuff,Sprout
Beatrix Burbage,Slytherin,Snape
Godfrey Podmore,Ravenclaw,Flitwick
Emeric Vance,Gryffindor,McGonagall
Norbert Underhill,Hufflepuff,Flitwick
Araminta Diggory,Hufflepuff,Flitwick
Celestine Dearborn,Slytherin,Snape
Septimus Fawcett,Ravenclaw,Flitwick
Hadrian Bagnold,Hufflepuff,Hagrid
Silas Fenwick,Hufflepuff,Sprout
Gideon Dumbledore,Slytherin,Snape
Lucinda Rosier,Hufflepuff,Sprout
Lionel Urquhart,Ravenclaw,Flitwick
Katarina Ollivander,Ravenclaw,McGonagall
Godfrey Hopkirk,Slytherin,Snape
Kieran Moody,Hufflepuff,Snape
Lucinda Diggory,Hufflepuff,Sprout
Hannah Abbott,Hufflepuff,Sprout
Vaughan Goldstein,Hufflepuff,Hagrid
Malcolm Baddock,Slytherin,Snape
Elowen Thicknesse,Ravenclaw,Sprout
Benedict Moody,Ravenclaw,McGonagall
Peregrine Ollivander,Gryffindor,Flitwick
Elspeth Fletchley,Ravenclaw,Sprout
Alaric Gamp,Slytherin,Snape
Helena Peasegood,Gryffindor,McGonagall
Griselda Widdershins,Ravenclaw,Flitwick
Eustace Jugson,Gryffindor,Flitwick
Imogen Nott,Hufflepuff,Sprout
Kenelm Gamp,Ravenclaw,Sprout
Rowena Everett,Hufflepuff,Sprout
Dunstan Burbage,Slytherin,Snape
Desmond Quirrell,Gryffindor,McGonagall
Quentin Urquhart,Gryffindor,Lupin
Kenelm Plunkett,Hufflepuff,Sprout
Ginny Weasley,Gryffindor,McGonagall
Tarquin Fawcett,Slytherin,Snape
Adelaide Umfraville,Slytherin,McGonagall
Ulric Bagnold,Ravenclaw,McGonagall
Lysander Shacklebolt,Slytherin,Snape
Fiona Slughorn,Gryffindor,Flitwick
Peregrine Hopkirk,Hufflepuff,Sprout
Phineas Fudge,Gryffindor,McGonagall
Millicent Fortescue,Ravenclaw,Lupin
Fergus Lockhart,Slytherin,Snape
Isadora Nettlebed,Ravenclaw,Sprout
Lysander Selwyn,Hufflepuff,McGonagall
Elowen Greyback,Gryffindor,McGonagall
Lettice Cattermole,Gryffindor,Hagrid
Sophronia Goldstein,Hufflepuff,Sprout
Fergus Scamander,Slytherin,Snape
Percival Hitchens,Gryffindor,Sprout
Clementine Dawlish,Slytherin,Snape
Percival Prewett,Slytherin,McGonagall
Adelaide Edgecombe,Hufflepuff,Flitwick
Adelaide Fortescue,Slytherin,McGonagall
Magnus Hornby,Gryffindor,McGonagall
Alaric Blishwick,Hufflepuff,Sprout
Ottilie Cattermole,Gryffindor,Flitwick
Isadora Dumbledore,Hufflepuff,Sprout
Tabitha Greyback,Gryffindor,Snape
Mandy Brocklehurst,Ravenclaw,Flitwick
Katarina Rookwood,Gryffindor,McGonagall
Tobias Hopkirk,Ravenclaw,McGonagall
Alden Avery,Ravenclaw,McGonagall
Roderick Quirrell,Hufflepuff,Sprout
Tabitha Podmore,Ravenclaw,Flitwick
Nigel Wolpert,Gryffindor,McGonagall
Fleur Diggory,Gryffindor,Sprout
Bryony Trimble,Hufflepuff,Flitwick
Dorothea Fortescue,Ravenclaw,Hagrid
Gwendolen Mockridge,Ravenclaw,Flitwick
Hector Jorkins,Gryffindor,Sprout
Millicent Blackwood,Ravenclaw,McGonagall
Thaddeus Scamander,Slytherin,McGonagall
Septimus Clearwater,Hufflepuff,Sprout
Millicent Fenwick,Hufflepuff,Sprout
Godfrey Mockridge,Ravenclaw,McGonagall
Tarquin Oakes,Gryffindor,Flitwick
Iona Kettleburn,Slytherin,McGonagall
Primrose Rosier,Ravenclaw,Flitwick
Ignatius Marchbanks,Ravenclaw,Flitwick
Eustace Dagworth,Ravenclaw,Flitwick
Minerva Bones,Gryffindor,Hagrid
Primrose Zabini,Slytherin,Hagrid
Elspeth Shacklebolt,Slytherin,Snape
Thaddeus Inglebee,Slytherin,Snape
Mortimer Kettleburn,Slytherin,Snape
Jasper Rowle,Gryffindor,Hagrid
Cordelia Wagstaff,Hufflepuff,Sprout
Alaric Ollivander,Gryffindor,McGonagall
Adelaide Shacklebolt,Ravenclaw,McGonagall
Thomasina Ashworth,Slytherin,Snape
Tarquin Mulciber,Slytherin,Sprout
Imogen Umfraville,Gryffindor,Flitwick
Emeric Trelawney,Slytherin,Snape
Dahlia Fudge,Gryffindor,Sprout
Erasmus Higgs,Slytherin,Snape
Norbert Gudgeon,Gryffindor,McGonagall
Kevin Whitby,Hufflepuff,Sprout
Katarina Proudfoot,Hufflepuff,Sprout
Nerissa Selwyn,Hufflepuff,Sprout
Marguerite Lestrange,Hufflepuff,Hagrid
Rowena Travers,Ravenclaw,Snape
Iona Trimble,Slytherin,Snape
Primrose Podmore,Slytherin,Lupin
Lysander Abercrombie,Slytherin,McGonagall
Septimus Jugson,Slytherin,Snape
Beatrix Fletchley,Gryffindor,Snape
Primrose Gudgeon,Ravenclaw,McGonagall
Algernon Prewett,Hufflepuff,Sprout
Cedric Scamander,Hufflepuff,Sprout
Winston Quirrell,Hufflepuff,Sprout
Dahlia Yaxley,Hufflepuff,Sprout
Stewart Ackerley,Ravenclaw,Sprout
Isadora Clearwater,Hufflepuff,Sprout
Hadrian Nettlebed,Gryffindor,Flitwick
Terrence Higgs,Slytherin,Snape
Cordelia Hitchens,Gryffindor,McGonagall
Dennis Creevey,Gryffindor,Flitwick
Lionel Ashworth,Gryffindor,McGonagall
Norbert Fortescue,Ravenclaw,Flitwick
Ottilie Vance,Ravenclaw,Hagrid
Quentin Kirke,Slytherin,Snape
Honoria Bagnold,Ravenclaw,Flitwick
Julius Kirke,Slytherin,Sprout
Hector Avery,Ravenclaw,Flitwick
Winifred Goldstein,Hufflepuff,McGonagall
Adelaide Kettleburn,Hufflepuff,Hagrid
Jasper Dagworth,Hufflepuff,Sprout
Bryony Thicknesse,Gryffindor,Sprout
Clementine Oakes,Hufflepuff,Flitwick
Ambrose Bones,Hufflepuff,Sprout
Jocasta Oakes,Gryffindor,McGonagall
Mortimer Nott,Slytherin,Snape
Celestine Quirrell,Hufflepuff,Sprout
Yolanda Dearborn,Hufflepuff,Sprout
Blaise Zabini,Slytherin,Snape
Thomasina Fancourt,Ravenclaw,Flitwick
Winston Underhill,Gryffindor,McGonagall
Freya Ironside,Gryffindor,McGonagall
Tabitha Scamander,Hufflepuff,Sprout
Cedric Dearborn,Ravenclaw,McGonagall
Celestine Grimshaw,Hufflepuff,Sprout
Algernon Blishwick,Ravenclaw,McGonagall
Benedict Cresswell,Hufflepuff,Sprout
Alden Trelawney,Slytherin,Snape
Erasmus Dumbledore,Ravenclaw,Flitwick
Benedict Cresswell,Gryffindor,McGonagall
Thomasina Ogden,Hufflepuff,Sprout
Gareth Zabini,Slytherin,Snape
Silas Kowalski,Hufflepuff,Sprout
Herbert Fleet,Hufflepuff,McGonagall
Kieran Grimshaw,Hufflepuff,Lupin
Xanthe Moody,Slytherin,Snape
Thomasina Whitby,Hufflepuff,Sprout
Marguerite Ollerton,Ravenclaw,Flitwick
Tarquin Everett,Ravenclaw,Flitwick
Sybilla Moody,Slytherin,Snape
Isadora Dearborn,Gryffindor,Hagrid
Hector Trimble,Slytherin,Snape
Cressida Avery,Ravenclaw,Flitwick
Ivo Hopkirk,Slytherin,McGonagall
Mortimer Prewett,Hufflepuff,Lupin
Magnus Dawlish,Gryffindor,McGonagall
Rowena Trimble,Hufflepuff,McGonagall
Astoria Greengrass,Slytherin,McGonagall
Beatrix Ogden,Gryffindor,McGonagall
Hector Travers,Slytherin,Snape
Clementine Fenwick,Ravenclaw,Flitwick
Ambrose Kettleburn,Ravenclaw,McGonagall
Laura Madley,Hufflepuff,McGonagall
Kenelm Meadowes,Hufflepuff,Flitwick
Seraphina Tonbridge,Slytherin,Flitwick
Helena Lockhart,Ravenclaw,McGonagall
Gareth Moody,Ravenclaw,Flitwick
Emeric Gudgeon,Ravenclaw,Lupin
Ursula Goldstein,Ravenclaw,Sprout
Vivienne Fortescue,Gryffindor,Hagrid
Lucinda Dearborn,Hufflepuff,Hagrid
Cressida Kirke,Ravenclaw,Flitwick
Peregrine Wilkes,Ravenclaw,McGonagall
Cordelia Trelawney,Ravenclaw,Flitwick
Griselda Ravensdale,Slytherin,Snape
Beatrix Nottingham,Gryffindor,McGonagall
Alaric Kettleburn,Hufflepuff,Lupin
Adelaide Bellchant,Slytherin,Flitwick
Millicent Hobday,Hufflepuff,Snape
Cedric Rookwood,Gryffindor,Flitwick
Cedric Dagworth,Hufflepuff,Sprout
Zephyr Podmore,Ravenclaw,Flitwick
Ulric Abercrombie,Hufflepuff,Sprout
Tobias Bagnold,Gryffindor,Snape
Orion Lestrange,Hufflepuff,Sprout
Jasper Widdershins,Hufflepuff,Flitwick
Lysander Moody,Gryffindor,McGonagall
Elowen Fawcett,Hufflepuff,Sprout
Winifred Umfraville,Gryffindor,Flitwick
Jasper Umfraville,Slytherin,McGonagall
Lucinda Edgecombe,Slytherin,Snape
Cassius Clearwater,Ravenclaw,Sprout
Lionel Fortescue,Ravenclaw,Sprout
Barnaby Fortescue,Slytherin,Snape
Fleur Dearborn,Slytherin,Snape
Tarquin Lestrange,Slytherin,Snape
Dunstan Dearborn,Ravenclaw,Flitwick
Septimus Proudfoot,Ravenclaw,Flitwick
Lucinda Kowalski,Hufflepuff,Sprout
Justin Finch-Fletchley,Hufflepuff,Sprout
Roderick Marchbanks,Hufflepuff,Sprout
Rowland Underhill,Ravenclaw,Lupin
Padma Patil,Ravenclaw,Flitwick
Yolanda Wilkes,Ravenclaw,Flitwick
Yolanda Peasegood,Slytherin,Snape
Winston Plunkett,Slytherin,McGonagall
Alaric Cromwell,Gryffindor,McGonagall
Roderick Vector,Slytherin,Flitwick
Oswald Trelawney,Slytherin,Hagrid
Leopold Burbage,Gryffindor,Hagrid
Dahlia Hobday,Hufflepuff,Lupin
Mortimer Kirke,Hufflepuff,Flitwick
Seraphina Yaxley,Slytherin,Lupin
Fergus Shacklebolt,Slytherin,Flitwick
Penelope Gudgeon,Gryffindor,McGonagall
Helena Nottingham,Ravenclaw,Sprout
Cordelia Lockhart,Hufflepuff,Sprout
Iona Abercrombie,Ravenclaw,Flitwick
Freya Kirke,Ravenclaw,Snape
Oswald Widdershins,Ravenclaw,Flitwick
Niamh Hopkirk,Slytherin,Snape
Tobias Quirrell,Slytherin,Snape
Lionel Hopkirk,Slytherin,Snape
Mortimer Blackwood,Slytherin,McGonagall
Kenelm Bones,Ravenclaw,Flitwick
Julius Peasegood,Ravenclaw,Hagrid
Fleur Rookwood,Ravenclaw,Sprout
Sophronia Travers,Hufflepuff,Sprout
Godfrey Ravensdale,Ravenclaw,Flitwick
Fiona Grimshaw,Slytherin,Sprout
Phineas Jugson,Slytherin,Snape
Seamus Finnigan,Gryffindor,Hagrid
Percival Meadowes,Slytherin,McGonagall
Algernon Meadowes,Gryffindor,McGonagall
Cressida Wilkes,Gryffindor,Lupin
Millicent Cromwell,Slytherin,Lupin
Leopold Gudgeon,Gryffindor,Hagrid
Primrose Podmore,Hufflepuff,Lupin
Marguerite Kettleworth,Hufflepuff,McGonagall
Megan Jones,Hufflepuff,Flitwick
Julius Diggory,Hufflepuff,Hagrid
Erasmus Proudfoot,Hufflepuff,Sprout
Gregory Goyle,Slytherin,Snape
Daphne Greengrass,Slytherin,Snape
Bryony Ilkley,Slytherin,Snape
Edmund Peasegood,Gryffindor,McGonagall
Eustace Shacklebolt,Ravenclaw,Flitwick
Rowland Lestrange,Slytherin,Snape
Emeric Wilkes,Slytherin,Flitwick
Erasmus Longshore,Slytherin,Snape
Gwendolen Nottingham,Slytherin,Lupin
Rosalind Travers,Slytherin,Snape
Freya Jorkins,Gryffindor,McGonagall
Ulric Clearwater,Gryffindor,McGonagall
Jasper Proudfoot,Gryffindor,McGonagall
Susan Bones,Hufflepuff,Sprout
Fiona Urquhart,Slytherin,Snape
Isadora Fenwick,Slytherin,McGonagall
Eustace Inglebee,Slytherin,Lupin
Sybilla Hopkirk,Gryffindor,Sprout
Penelope Widdershins,Ravenclaw,Flitwick
Vivienne Ollerton,Slytherin,Snape
Hector Ravensdale,Hufflepuff,Sprout
Magnus Grimshaw,Gryffindor,McGonagall
Niamh Thicknesse,Hufflepuff,Sprout
Elspeth Crouch,Hufflepuff,Sprout
Jasper Avery,Gryffindor,Flitwick
Ulric Fancourt,Ravenclaw,Lupin
Ambrose Fortescue,Hufflepuff,McGonagall
Vaughan Avery,Ravenclaw,Flitwick
Alaric Rosier,Hufflepuff,Sprout
Honoria Rookwood,Gryffindor,Flitwick
Desmond Rosier,Ravenclaw,Flitwick
Julius Kettleburn,Slytherin,Snape
Gideon Runcorn,Slytherin,Flitwick
Primrose Yaxley,Slytherin,Sprout
Angelina Johnson,Gryffindor,McGonagall
Tobias Fancourt,Slytherin,Lupin
Iona Lovegood,Ravenclaw,Lupin
Sybilla Diggory,Slytherin,Sprout
Mortimer Plunkett,Ravenclaw,Flitwick
Celestine Runcorn,Hufflepuff,Sprout
Hector Whitby,Hufflepuff,Sprout
